inf,processor,ms
fp16,i7-6700k,0.021546809999998525
fp32,i7-6700k,0.021263237771430406
fp16,cortex-a53,0.2646364005548613
fp32,cortex-a53,0.2856375787939344
